,City,Country,Lat,Lng,Max Temp,Humidity,Cloudiness,Wind Speed,Current Description
0,Ponta Do Sol,PT,32.6667,-17.1,72.23,73,2,4.83,clear sky
1,Ushuaia,AR,-54.8,-68.3,37.02,93,100,27.63,sleet
2,Avarua,CK,-21.2078,-159.775,73.45,64,100,9.22,overcast clouds
3,Pangkalanbuun,ID,-2.6833,111.6167,72.77,99,91,2.28,overcast clouds
4,Fort Nelson,CA,58.8053,-122.7002,67.62,49,100,11.56,light rain
5,Morondava,MG,-20.2833,44.2833,71.89,78,0,7.9,clear sky
6,Guerrero Negro,MX,27.9769,-114.0611,75.74,58,10,15.35,clear sky
7,Bilibino,RU,68.0546,166.4372,50.7,55,96,1.59,overcast clouds
8,Castro,BR,-24.7911,-50.0119,66.87,60,100,3.8,overcast clouds
9,Tuktoyaktuk,CA,69.4541,-133.0374,50.0,100,100,12.66,light rain
10,Rock Sound,BS,24.9,-76.2,82.54,76,11,14.83,few clouds
11,Salisbury,GB,51.0693,-1.7957,68.45,75,75,11.5,broken clouds
12,Novorudnyy,RU,51.5026,58.1873,65.19,66,81,6.51,broken clouds
13,Ambilobe,MG,-13.2,49.05,65.35,83,11,3.67,few clouds
14,Saint-Philippe,RE,-21.3585,55.7679,69.39,85,54,13.31,light rain
15,Tonder,DK,54.9331,8.8667,59.04,77,11,8.16,few clouds
16,Arshan,RU,46.2732,44.22,62.98,67,44,8.95,scattered clouds
17,Amalapuram,IN,16.5833,82.0167,77.59,84,67,5.32,broken clouds
18,Aksu,CN,41.1231,80.2644,85.73,14,0,4.29,clear sky
19,Beringovskiy,RU,63.05,179.3167,44.78,84,100,16.24,overcast clouds
20,Murray Bridge,AU,-35.1167,139.2667,54.34,81,0,6.73,clear sky
21,Dudinka,RU,69.4058,86.1778,67.62,67,75,9.22,broken clouds
22,Saskylakh,RU,71.9167,114.0833,50.86,88,73,1.9,broken clouds
23,Korla,CN,41.7597,86.1469,86.67,17,0,2.06,clear sky
24,Tefe,BR,-3.3542,-64.7114,87.91,70,75,5.75,broken clouds
25,Qaanaaq,GL,77.484,-69.3632,37.78,98,100,2.95,overcast clouds
26,Provideniya,RU,64.3833,-173.3,44.76,81,99,8.61,overcast clouds
27,Touros,BR,-5.1989,-35.4608,78.08,80,61,17.13,broken clouds
28,Maamba,ZM,-17.3667,27.15,63.21,45,3,3.22,clear sky
29,Lata,PT,40.1629,-8.3327,67.84,60,0,3.56,clear sky
30,Coquimbo,CL,-29.9533,-71.3436,55.13,82,100,3.44,overcast clouds
31,Butaritari,KI,3.0707,172.7902,81.88,74,22,14.32,few clouds
32,Busselton,AU,-33.65,115.3333,50.54,66,70,13.53,broken clouds
33,Villablino,ES,42.9393,-6.3194,64.83,81,0,3.02,clear sky
34,Hovd,MN,48.0056,91.6419,60.01,48,6,3.6,clear sky
35,Rikitea,PF,-23.1203,-134.9692,72.25,67,0,7.52,clear sky
36,Hobart,AU,-42.8794,147.3294,48.27,94,100,4.61,overcast clouds
37,Pacific Grove,US,36.6177,-121.9166,67.01,82,40,10.36,scattered clouds
38,Ilulissat,GL,69.2167,-51.1,44.62,100,75,1.14,light intensity drizzle
39,Xichang,CN,27.8964,102.2634,62.67,94,97,1.36,overcast clouds
40,Punta Arenas,CL,-53.15,-70.9167,39.31,56,0,10.36,clear sky
41,Sabang,ID,5.8933,95.3214,80.8,80,100,9.15,overcast clouds
42,Cidreira,BR,-30.1811,-50.2056,63.21,97,36,9.71,scattered clouds
43,Kapaa,US,22.0752,-159.319,80.92,71,20,14.97,few clouds
44,Palmer,US,42.1584,-72.3287,95.23,23,1,7.11,clear sky
45,Chuy,UY,-33.6971,-53.4616,63.05,92,67,7.54,broken clouds
46,Vaini,TO,-21.2,-175.2,71.58,70,100,24.18,overcast clouds
47,Westport,US,41.1415,-73.3579,96.94,44,0,11.5,clear sky
48,Siocon,PH,7.7061,122.1353,78.06,88,55,3.56,broken clouds
49,Mutsu,JP,41.2894,141.2169,67.68,94,85,8.05,light rain
50,Ponta Delgada,PT,37.7333,-25.6667,72.32,83,75,6.91,broken clouds
51,Omsukchan,RU,62.5333,155.8,52.18,59,0,6.69,clear sky
52,Sur,OM,22.5667,59.5289,88.2,65,37,13.4,scattered clouds
53,Port Alfred,ZA,-33.5906,26.891,58.78,66,100,18.9,light rain
54,Sechura,PE,-5.5569,-80.8222,73.78,63,15,14.56,few clouds
55,Mayo,US,38.8876,-76.5119,99.1,56,0,3.0,clear sky
56,Cuiluan,CN,47.72,128.648,57.24,99,50,3.31,scattered clouds
57,Lompoc,US,34.6391,-120.4579,84.02,77,20,14.0,few clouds
58,Vardo,NO,70.3705,31.1107,51.78,87,100,8.05,overcast clouds
59,Tiksi,RU,71.6872,128.8694,47.52,83,35,2.93,scattered clouds
60,Nhulunbuy,AU,-12.2333,136.7667,66.81,94,89,3.44,overcast clouds
61,Saint George,US,37.1041,-113.5841,102.79,18,0,11.01,clear sky
62,Luderitz,NA,-26.6481,15.1594,60.39,63,0,23.53,clear sky
63,San Quintin,MX,30.4833,-115.95,71.92,64,48,10.36,scattered clouds
64,Naze,JP,28.3667,129.4833,76.12,75,100,1.39,overcast clouds
65,North Myrtle Beach,US,33.816,-78.68,90.34,74,0,16.11,clear sky
66,Surt,LY,31.2089,16.5887,80.96,69,0,11.21,clear sky
67,Sestroretsk,RU,60.098,29.9638,68.14,95,8,6.87,clear sky
68,Puerto Ayora,EC,-0.7393,-90.3518,78.76,84,85,8.99,overcast clouds
69,Biaora,IN,23.8667,76.9167,77.07,91,100,8.01,light rain
70,Tamandare,BR,-8.7597,-35.1047,76.1,82,43,10.78,scattered clouds
71,Bredasdorp,ZA,-34.5322,20.0403,47.71,77,17,4.54,few clouds
72,Arraial Do Cabo,BR,-22.9661,-42.0278,72.46,83,2,19.82,clear sky
73,Leningradskiy,RU,69.3833,178.4167,34.7,93,100,8.84,overcast clouds
74,Mataura,NZ,-46.1927,168.8643,31.48,89,100,2.15,overcast clouds
75,Bengkulu,ID,-3.8004,102.2655,75.13,92,98,5.53,overcast clouds
76,Cape Town,ZA,-33.9258,18.4232,56.37,69,20,11.5,few clouds
77,Sao Filipe,CV,14.8961,-24.4956,78.01,84,100,5.06,light rain
78,Atuona,PF,-9.8,-139.0333,77.25,78,45,18.9,light rain
79,Hilo,US,19.7297,-155.09,84.27,99,100,5.75,moderate rain
80,Hamilton,US,39.1834,-84.5333,92.88,49,0,3.44,clear sky
81,Jalu,LY,29.0331,21.5482,86.77,27,0,13.96,clear sky
82,Lebu,CL,-37.6167,-73.65,53.6,90,100,5.75,overcast clouds
83,Tuatapere,NZ,-46.1333,167.6833,38.43,94,65,2.86,broken clouds
84,Bluff,NZ,-46.6,168.3333,31.8,82,78,5.84,broken clouds
85,Tura,IN,25.5198,90.2201,74.07,99,100,4.83,moderate rain
86,Tutoia,BR,-2.7619,-42.2744,80.98,79,71,10.67,broken clouds
87,Hermanus,ZA,-34.4187,19.2345,46.8,71,36,4.7,scattered clouds
88,Yellowknife,CA,62.456,-114.3525,68.56,45,75,19.57,broken clouds
89,Namibe,AO,-15.1961,12.1522,63.91,89,54,1.97,broken clouds
90,Nanortalik,GL,60.1432,-45.2371,44.83,90,89,10.74,overcast clouds
91,Hithadhoo,MV,-0.6,73.0833,81.25,74,100,7.27,overcast clouds
92,Egvekinot,RU,66.3167,-179.1667,38.35,75,100,8.93,overcast clouds
93,Bandarbeyla,SO,9.4942,50.8122,76.59,83,32,29.86,scattered clouds
94,Siparia,TT,10.1333,-61.5,88.83,73,52,3.0,broken clouds
95,Weligama,LK,5.9667,80.4167,78.44,87,82,14.09,broken clouds
96,Unai,BR,-16.3575,-46.9061,82.56,29,0,5.37,clear sky
97,Nikolskoye,RU,59.7035,30.7861,67.91,97,13,2.42,few clouds
98,San Patricio,US,28.017,-97.5169,95.72,43,23,20.04,few clouds
99,Cam Ranh,VN,11.9214,109.1591,76.8,87,51,4.12,broken clouds
100,Margate,GB,51.3813,1.3862,70.7,56,95,1.99,overcast clouds
101,Aklavik,CA,68.2191,-135.0107,53.6,94,100,3.44,light rain
102,Padang,ID,-0.9492,100.3543,76.89,87,99,4.94,overcast clouds
103,Esperance,AU,-33.8667,121.9,53.26,85,100,27.92,light rain
104,Mantua,IT,45.1667,10.7833,90.21,76,99,9.55,overcast clouds
105,Ippy,CF,6.2679,21.2247,67.26,97,75,0.96,broken clouds
106,Berdychiv,UA,49.8993,28.6024,67.46,49,10,6.85,clear sky
107,Ostrovnoy,RU,68.0531,39.5131,51.26,81,96,2.48,overcast clouds
108,Northam,GB,51.0333,-4.2167,66.38,91,99,18.14,overcast clouds
109,Gondanglegi,ID,-7.7479,112.0132,72.81,88,99,14.45,overcast clouds
110,Bitam,GA,2.076,11.5007,67.95,99,87,2.93,overcast clouds
111,Pevek,RU,69.7008,170.3133,35.98,84,100,1.77,overcast clouds
112,Tazovskiy,RU,67.4667,78.7,54.66,96,12,7.16,few clouds
113,Saldanha,ZA,-33.0117,17.9442,48.25,66,0,21.27,clear sky
114,Brae,GB,60.3964,-1.353,53.49,85,100,12.01,overcast clouds
115,Buin,CL,-33.7333,-70.75,72.43,52,26,3.62,scattered clouds
116,Quatre Cocos,MU,-20.2078,57.7625,70.09,75,46,16.17,light rain
117,New Norfolk,AU,-42.7826,147.0587,47.91,84,100,1.9,overcast clouds
118,Torbay,CA,47.6666,-52.7314,83.17,71,75,12.66,broken clouds
119,East London,ZA,-33.0153,27.9116,57.78,73,79,21.72,light rain
120,Nishihara,JP,26.1842,127.7558,83.86,89,75,6.91,broken clouds
121,Tsogni,GA,-2.7942,10.0988,68.18,91,97,4.9,overcast clouds
122,Palmas Bellas,PA,9.2319,-80.0867,78.76,88,97,5.32,overcast clouds
123,Aripuana,BR,-9.1667,-60.6333,96.57,21,2,2.68,clear sky
124,Piterka,RU,50.6803,47.4454,66.54,70,86,6.73,overcast clouds
125,Meulaboh,ID,4.1363,96.1285,76.53,91,100,5.7,overcast clouds
126,Bambous Virieux,MU,-20.3428,57.7575,70.16,74,40,16.08,scattered clouds
127,Nagutskoye,RU,44.4415,42.8762,64.62,77,82,9.24,broken clouds
128,Chipinge,ZW,-20.1883,32.6236,54.41,68,0,4.25,clear sky
129,San Jeronimo,PE,-11.9472,-75.2829,65.68,27,97,3.62,overcast clouds
130,Thompson,CA,55.7435,-97.8558,64.56,55,75,8.05,broken clouds
131,Mar Del Plata,AR,-38.0023,-57.5575,55.87,86,100,4.76,overcast clouds
132,Lakatoro,VU,-16.0999,167.4164,78.4,82,1,3.44,clear sky
133,Carutapera,BR,-1.195,-46.02,81.77,75,99,7.81,overcast clouds
134,Ellensburg,US,46.9965,-120.5479,87.94,24,0,11.5,clear sky
135,Nampula,MZ,-15.1165,39.2666,67.95,88,20,4.61,few clouds
136,Port Elizabeth,ZA,-33.918,25.5701,53.89,84,0,12.66,clear sky
137,Chokurdakh,RU,70.6333,147.9167,51.04,55,92,12.01,overcast clouds
138,Nome,US,64.5011,-165.4064,47.16,93,100,10.36,light rain
139,Mahebourg,MU,-20.4081,57.7,70.25,78,40,14.97,scattered clouds
140,Vrangel,RU,42.7297,133.0839,62.85,94,100,9.78,overcast clouds
141,Domoni,KM,-12.2569,44.5319,74.3,76,71,4.03,broken clouds
142,Lorengau,PG,-2.0226,147.2712,81.03,80,21,5.61,few clouds
143,Alyangula,AU,-13.8483,136.4192,65.41,82,20,4.76,few clouds
144,Acapulco,MX,16.8634,-99.8901,86.94,66,100,5.53,overcast clouds
145,Rohnert Park,US,38.3396,-122.7011,83.34,45,0,4.61,clear sky
146,Marawi,PH,7.9986,124.2928,69.1,92,100,3.24,light rain
147,San Cristobal,VE,7.7669,-72.225,84.4,37,20,7.36,few clouds
148,Mitsamiouli,KM,-11.3847,43.2844,76.05,71,32,4.74,scattered clouds
149,Khorinsk,RU,52.1657,109.7726,55.27,93,6,0.78,clear sky
150,Tatawin,TN,32.9297,10.4518,77.52,42,0,11.12,clear sky
151,Bethel,US,41.3712,-73.414,94.73,23,14,6.02,few clouds
152,Albany,US,42.6001,-73.9662,96.44,36,9,8.55,clear sky
153,Loubomo,CG,-4.1997,12.6739,71.1,73,85,5.68,overcast clouds
154,Vila Franca Do Campo,PT,37.7167,-25.4333,72.01,77,93,4.05,overcast clouds
155,Esso,RU,55.9333,158.7,59.92,59,5,4.63,clear sky
156,Diego De Almagro,CL,-26.3667,-70.05,70.03,24,23,5.06,few clouds
157,Rio Gallegos,AR,-51.6226,-69.2181,33.85,75,0,13.8,clear sky
158,Necochea,AR,-38.5473,-58.7368,59.11,73,100,1.1,overcast clouds
159,Aksay,RU,47.26,39.87,70.25,59,9,7.0,clear sky
160,Hearst,CA,49.6835,-83.6665,71.85,61,96,10.02,overcast clouds
161,Constitucion,CL,-35.3333,-72.4167,57.47,79,100,2.28,overcast clouds
162,Mehamn,NO,71.0357,27.8492,51.75,87,100,16.11,overcast clouds
163,Denpasar,ID,-8.65,115.2167,76.71,78,40,11.5,scattered clouds
164,Mahajanga,MG,-15.7167,46.3167,75.22,57,20,8.05,few clouds
165,Zaozerne,UA,45.1582,33.2787,71.31,75,0,9.73,clear sky
166,Belyy Yar,RU,53.6039,91.3903,53.85,94,4,0.0,fog
167,Upernavik,GL,72.7868,-56.1549,42.98,96,100,4.79,overcast clouds
168,Souillac,MU,-20.5167,57.5167,70.18,78,40,14.97,scattered clouds
169,Lexington,US,37.9887,-84.4777,94.89,50,0,4.61,clear sky
170,Storslett,NO,69.7678,21.0247,51.8,87,75,8.05,broken clouds
171,Sambava,MG,-14.2667,50.1667,67.78,86,64,10.96,broken clouds
172,Moultrie,US,31.1799,-83.7891,93.07,49,0,0.0,clear sky
173,Nakamura,JP,32.9833,132.9333,71.69,90,100,2.33,overcast clouds
174,Kavaratti,IN,10.5669,72.642,81.1,77,58,18.57,broken clouds
175,Kovdor,RU,67.5662,30.4758,52.61,79,80,5.35,broken clouds
176,Puerto Quijarro,BO,-17.7833,-57.7667,95.83,20,91,4.65,overcast clouds
177,Fort-Shevchenko,KZ,44.5086,50.263,75.31,64,37,11.34,scattered clouds
178,Clarence Town,AU,-32.5833,151.7833,52.86,97,37,2.57,scattered clouds
179,Narsaq,GL,60.9167,-46.05,50.97,73,98,6.82,overcast clouds
180,Havre-Saint-Pierre,CA,50.2334,-63.5986,77.36,61,0,8.05,clear sky
181,Labuhan,ID,-6.8844,112.2051,75.72,84,79,6.31,broken clouds
182,Majene,ID,-3.5403,118.9707,76.53,88,35,12.62,scattered clouds
183,Chaman,PK,30.9236,66.4512,87.98,38,100,5.77,overcast clouds
184,Coihaique,CL,-45.5752,-72.0662,31.95,69,75,0.0,broken clouds
185,Olafsvik,IS,64.8945,-23.7142,52.52,80,88,9.4,overcast clouds
186,Lasa,IT,46.6166,10.7002,68.88,90,90,1.86,overcast clouds
187,Vicuna,CL,-30.0319,-70.7081,68.47,49,0,4.05,clear sky
188,Ngunguru,NZ,-35.6167,174.5,57.31,79,100,22.15,moderate rain
189,Steamboat Springs,US,40.485,-106.8317,83.01,34,0,4.61,clear sky
190,Troitskoye,RU,52.9821,84.6757,56.61,76,88,6.76,overcast clouds
191,Villefranche-De-Rouergue,FR,44.3333,2.0,74.17,49,0,2.42,clear sky
192,Yasothon,TH,15.75,104.1333,83.98,81,100,2.48,overcast clouds
193,Shelburne,CA,44.0787,-80.2041,85.3,45,39,17.0,scattered clouds
194,Marsh Harbour,BS,26.5412,-77.0636,83.55,71,0,13.06,clear sky
195,Vysotsk,RU,60.6288,28.5705,63.64,88,26,10.8,scattered clouds
196,Hervey Bay,AU,-25.2986,152.8535,57.96,85,8,13.24,clear sky
197,Itanagar,IN,27.1,93.6167,75.63,90,97,2.08,overcast clouds
198,Nyaunglebin,MM,17.95,96.7333,75.31,92,97,1.66,overcast clouds
199,Codrington,AU,-38.2667,141.9667,46.42,94,6,6.53,clear sky
200,Jogbani,IN,26.4167,87.25,79.45,91,100,9.75,overcast clouds
201,Bathsheba,BB,13.2167,-59.5167,85.05,78,40,14.97,scattered clouds
202,Gannan,CN,47.9147,123.5031,65.59,92,100,5.08,overcast clouds
203,Baneh,IR,35.9975,45.8853,67.12,21,0,0.89,clear sky
204,Byron Bay,AU,-28.65,153.6167,54.95,85,69,11.01,broken clouds
205,Aitape,PG,-3.1374,142.3475,77.04,90,19,4.05,few clouds
206,Makakilo City,US,21.3469,-158.0858,82.72,57,20,12.66,few clouds
207,Eyl,SO,7.9803,49.8164,77.0,79,100,25.34,overcast clouds
208,Homer,US,59.6425,-151.5483,57.78,56,0,3.44,clear sky
209,Zhigansk,RU,66.7697,123.3711,51.57,91,38,6.78,scattered clouds
210,Kadoma,JP,34.7333,135.5833,75.18,73,100,5.75,overcast clouds
211,Pakxe,LA,15.1167,105.7833,73.72,95,92,2.44,light rain
212,Turbat,PK,26.0023,63.044,83.73,75,100,10.04,overcast clouds
213,Cabo San Lucas,MX,22.8909,-109.9124,82.51,80,82,7.34,broken clouds
214,Sorland,NO,67.667,12.6934,53.46,85,82,10.45,broken clouds
215,Velsk,RU,61.0701,42.0983,65.32,74,8,5.75,clear sky
216,Norman Wells,CA,65.282,-126.8329,60.96,74,100,4.03,light rain
217,Panama City,PA,8.9936,-79.5197,81.54,80,100,2.21,overcast clouds
218,San Martin,AR,-33.081,-68.4681,72.14,18,0,4.5,clear sky
219,Nanakuli,US,21.3906,-158.1547,84.15,56,20,9.22,few clouds
220,Mount Gambier,AU,-37.8333,140.7667,49.91,100,100,10.36,overcast clouds
221,Taltal,CL,-25.4,-70.4833,61.92,71,33,6.15,scattered clouds
222,Faanui,PF,-16.4833,-151.75,79.47,72,5,13.18,clear sky
223,Salalah,OM,17.0151,54.0924,77.4,90,57,6.85,broken clouds
224,Rapar,IN,23.5667,70.6333,81.61,84,100,18.32,overcast clouds
225,Jamestown,US,42.097,-79.2353,85.37,51,100,12.24,overcast clouds
226,Conceicao Do Araguaia,BR,-8.2578,-49.2647,95.65,20,10,5.23,clear sky
227,Carnarvon,AU,-24.8667,113.6333,66.69,54,76,20.02,broken clouds
228,Henties Bay,NA,-22.116,14.2845,56.39,84,0,3.96,clear sky
229,Kincardine,GB,56.0667,-3.7167,68.27,95,100,7.4,overcast clouds
230,Shache,CN,38.4167,77.2406,85.48,10,0,5.14,clear sky
231,Pemangkat,ID,1.1667,108.9667,78.93,80,100,3.56,overcast clouds
232,Tandil,AR,-37.3217,-59.1332,60.13,82,88,6.42,overcast clouds
233,Kahului,US,20.8947,-156.47,82.42,68,20,18.41,few clouds
234,Komsomolets,KZ,53.7453,62.0708,65.98,67,48,5.28,scattered clouds
235,Glushkovo,RU,51.3392,34.6328,65.3,80,29,6.22,scattered clouds
236,Barra Patuca,HN,15.8,-84.2833,81.82,84,100,9.93,overcast clouds
237,Ribeira Grande,PT,38.5167,-28.7,77.4,83,40,11.5,scattered clouds
238,Araouane,ML,18.9048,-3.5265,103.35,15,31,0.63,scattered clouds
239,Zambezi,ZM,-13.5432,23.1047,65.79,35,75,3.65,broken clouds
240,Port Hardy,CA,50.6996,-127.4199,60.8,72,18,9.91,few clouds
241,Kavieng,PG,-2.5744,150.7967,81.72,76,6,11.03,clear sky
242,Imbituba,BR,-28.24,-48.6703,66.09,95,4,1.99,clear sky
243,Leshukonskoye,RU,64.8989,45.7622,54.39,98,100,6.8,heavy intensity rain
244,Tateyama,JP,34.9833,139.8667,77.65,85,100,10.33,overcast clouds
245,Atar,MR,20.5169,-13.0499,83.35,65,100,11.95,moderate rain
246,Rey Bouba,CM,8.6724,14.1786,72.54,96,97,3.0,overcast clouds
247,Vidim,RU,56.4088,103.1106,56.95,94,100,3.13,overcast clouds
248,Tasiilaq,GL,65.6145,-37.6368,42.96,75,100,2.21,overcast clouds
249,Haflong,IN,25.1833,93.0333,72.48,99,100,2.73,light rain
250,Jumla,NP,29.2747,82.1838,63.27,97,100,1.5,light rain
251,Oussouye,SN,12.485,-16.5469,80.78,87,82,7.02,light rain
252,Fairbanks,US,64.8378,-147.7164,62.22,64,0,5.75,clear sky
253,Half Moon Bay,US,37.4636,-122.4286,82.06,69,75,14.97,mist
254,Gizo,SB,-8.103,156.8419,81.68,77,6,9.28,light rain
255,Victoria,HK,22.2855,114.1577,88.18,82,70,8.01,broken clouds
256,Astana,KZ,51.1801,71.446,61.07,71,11,7.07,few clouds
257,Muli,MV,2.9167,73.5667,82.98,73,100,13.35,overcast clouds
258,Umm Lajj,SA,25.0213,37.2685,87.46,54,100,9.66,overcast clouds
259,Lusambo,CD,-4.9667,23.45,78.4,37,67,1.25,broken clouds
260,Hami,CN,42.8,93.45,84.56,22,2,6.76,clear sky
261,Praia,CV,14.9215,-23.5087,81.14,78,75,11.5,broken clouds
262,Luwuk,ID,-0.9516,122.7875,76.33,90,60,3.94,broken clouds
263,Kodiak,US,57.79,-152.4072,49.87,95,100,10.74,light rain
264,Scarborough,GB,54.2797,-0.4044,71.17,68,100,3.0,overcast clouds
265,Barrow,US,71.2906,-156.7887,35.62,87,100,11.5,mist
266,Gualeguay,AR,-33.1416,-59.3097,76.41,63,0,5.95,clear sky
267,Shimoda,JP,34.6667,138.95,74.1,88,100,5.77,overcast clouds
268,Dikson,RU,73.5069,80.5464,49.87,78,57,10.51,broken clouds
269,Nemuro,JP,43.3236,145.575,60.06,95,98,10.25,overcast clouds
270,Bud,US,39.447,-86.1758,88.68,50,3,11.72,clear sky
271,Batticaloa,LK,7.7102,81.6924,80.62,73,100,7.09,overcast clouds
272,Dunedin,NZ,-45.8742,170.5036,42.8,69,3,8.01,clear sky
273,Ust-Kuyga,RU,70.0167,135.6,61.47,73,37,3.69,scattered clouds
274,Kharp,RU,66.8014,65.8081,52.57,65,100,8.19,overcast clouds
275,Petropavlovsk-Kamchatskiy,RU,53.0452,158.6483,54.19,88,20,4.47,few clouds
276,Port Lincoln,AU,-34.7333,135.8667,53.89,73,51,11.77,broken clouds
277,Newala,TZ,-10.9431,39.2787,60.57,85,22,6.64,few clouds
278,College,US,64.8569,-147.8028,62.2,65,40,5.75,scattered clouds
279,Waterloo,CA,43.4668,-80.5164,85.87,59,40,16.11,scattered clouds
280,Laguna,US,38.421,-121.4238,94.01,37,0,5.75,clear sky
281,San Jose,US,37.3394,-121.895,88.25,50,20,9.22,few clouds
282,Severo-Kurilsk,RU,50.6789,156.125,54.66,90,49,1.99,scattered clouds
283,Dingle,PH,10.9995,122.6711,77.31,90,100,0.94,overcast clouds
284,Winchester,GB,51.0651,-1.3187,69.3,73,20,10.36,few clouds
285,Kulhudhuffushi,MV,6.6221,73.07,81.48,76,100,14.83,overcast clouds
286,Lima,PE,-12.0432,-77.0282,62.85,68,40,9.22,scattered clouds
287,Corinto,GR,37.9407,22.9573,82.89,32,0,1.36,clear sky
288,Bodrum,TR,37.0383,27.4292,82.83,38,0,11.23,clear sky
289,Tual,ID,-5.6667,132.75,78.71,80,98,12.15,overcast clouds
290,Pangnirtung,CA,66.1451,-65.7125,44.6,93,20,10.36,fog
291,Kruisfontein,ZA,-34.0033,24.7314,50.88,71,12,16.04,few clouds
292,Villa Carlos Paz,AR,-31.4241,-64.4978,77.4,33,0,8.99,clear sky
293,Truth Or Consequences,US,33.1284,-107.2528,95.92,29,0,0.0,clear sky
294,Chilca,PE,-12.5211,-76.7372,62.53,80,46,6.42,scattered clouds
295,Mnogovershinnyy,RU,53.9353,139.9242,57.96,63,9,3.85,clear sky
296,Yar-Sale,RU,66.8333,70.8333,50.32,75,73,15.97,broken clouds
297,Pringsewu,ID,-5.3582,104.9744,72.39,98,64,1.07,broken clouds
298,Tazmalt,DZ,36.3868,4.3989,84.61,33,0,5.91,clear sky
299,Orotukan,RU,62.2667,151.7,59.04,54,93,3.38,overcast clouds
300,Kozan,TR,37.4552,35.8157,79.18,29,0,8.84,clear sky
301,Sao Felix Do Xingu,BR,-6.6447,-51.995,92.53,27,100,2.98,overcast clouds
302,Port-Gentil,GA,-0.7193,8.7815,75.16,73,40,6.91,scattered clouds
303,Manadhoo,MV,5.7667,73.3833,81.7,78,74,16.11,broken clouds
304,Eugene,US,44.0521,-123.0867,72.82,64,40,10.36,scattered clouds
305,Serebryansk,KZ,49.6925,83.2892,56.26,72,30,1.68,scattered clouds
306,Millet,CA,53.1001,-113.4687,74.23,67,26,7.27,scattered clouds
307,Lazaro Cardenas,MX,17.9583,-102.2,89.17,57,92,3.29,overcast clouds
308,Nokaneng,BW,-19.6667,22.2667,66.31,36,24,3.87,few clouds
309,Jinxiang,CN,27.4327,120.6062,80.42,77,15,5.55,few clouds
310,Abha,SA,18.2164,42.5053,66.02,72,40,5.75,scattered clouds
311,Soure,BR,-0.7167,-48.5233,83.28,73,100,11.18,overcast clouds
312,Karratha,AU,-20.7377,116.8463,62.11,44,0,11.07,clear sky
313,Airai,TL,-8.9266,125.4092,51.17,84,93,1.79,overcast clouds
314,Den Helder,NL,52.9599,4.7593,67.98,69,23,5.99,few clouds
315,Arbazh,RU,57.6804,48.3065,65.46,77,29,4.38,scattered clouds
316,Sitka,US,57.0531,-135.33,55.29,94,100,0.0,mist
317,Acarau,BR,-2.8856,-40.12,81.82,70,33,16.78,scattered clouds
318,Buluang,PH,13.3068,123.3425,77.29,93,72,2.82,broken clouds
319,Hualmay,PE,-11.0964,-77.6139,65.97,73,24,7.65,few clouds
320,Khatanga,RU,71.9667,102.5,48.04,87,3,14.05,clear sky
321,Vestmannaeyjar,IS,63.4427,-20.2734,54.52,86,100,7.14,overcast clouds
322,Asyut,EG,27.181,31.1837,86.18,20,2,8.88,clear sky
323,Saint Anthony,US,45.0205,-93.218,73.15,88,100,9.13,overcast clouds
324,Bowen,AU,-20.0167,148.2333,59.23,90,2,7.0,clear sky
325,Montemor-O-Novo,PT,38.6481,-8.2145,78.76,29,0,6.91,clear sky
326,Blind River,CA,46.1834,-82.9582,86.11,45,100,7.29,overcast clouds
327,Siddharthanagar,NP,27.5,83.45,81.37,82,90,8.79,overcast clouds
328,Nuuk,GL,64.1835,-51.7216,50.02,71,100,9.51,overcast clouds
329,Maine-Soroa,NE,13.2114,12.0241,86.77,48,79,8.55,broken clouds
330,Oskemen,KZ,49.9565,82.6119,55.36,93,24,6.71,few clouds
331,Road Town,VG,18.4167,-64.6167,87.89,70,40,11.5,scattered clouds
332,San Miguelito,PA,9.0333,-79.5,83.64,83,75,9.22,thunderstorm
333,Stepnyak,KZ,52.8339,70.7803,57.31,79,34,7.9,scattered clouds
334,Gat,IL,31.61,34.7642,80.82,100,0,2.13,clear sky
335,Emerald,AU,-23.5333,148.1667,51.35,84,0,6.62,clear sky
336,Georgetown,MY,5.4112,100.3354,78.37,85,100,6.33,overcast clouds
337,Ewa Beach,US,21.3156,-158.0072,84.15,57,20,12.66,few clouds
338,Geraldton,AU,-28.7667,114.6,57.61,62,75,14.97,broken clouds
339,Champerico,GT,14.3,-91.9167,83.39,72,66,7.85,broken clouds
340,Sioux Lookout,CA,50.1001,-91.917,73.47,53,100,3.44,overcast clouds
341,Culaman,PH,5.9603,125.6586,80.15,77,100,4.38,overcast clouds
342,Algiers,DZ,36.7525,3.042,78.62,83,20,5.75,few clouds
343,Batetskiy,RU,58.6461,30.3027,64.31,97,45,4.85,scattered clouds
344,Kaitangata,NZ,-46.2817,169.8464,33.42,87,31,3.49,scattered clouds
345,Anadyr,RU,64.75,177.4833,45.1,87,40,6.71,scattered clouds
346,Belmonte,BR,-15.8631,-38.8828,72.79,85,8,9.71,clear sky
347,Hasaki,JP,35.7333,140.8333,72.28,87,99,9.98,overcast clouds
348,Iralaya,HN,15.0,-83.2333,81.64,83,100,9.4,overcast clouds
349,Entre Rios,BR,-11.9419,-38.0844,73.51,78,81,6.58,broken clouds
350,Beyneu,KZ,45.3167,55.2,82.08,36,45,16.64,scattered clouds
351,Alamogordo,US,32.8995,-105.9603,96.15,29,40,10.36,scattered clouds
352,Buala,SB,-8.145,159.5921,78.96,83,6,4.74,clear sky
353,Santa Fe,AR,-31.6333,-60.7,83.01,59,0,3.0,light rain
354,Grand Gaube,MU,-20.0064,57.6608,70.38,71,51,7.0,broken clouds
355,Itarema,BR,-2.9248,-39.9167,81.21,71,14,16.96,few clouds
356,Nyurba,RU,63.2842,118.3319,61.11,86,3,6.55,clear sky
357,Manga,BF,11.6636,-1.0731,77.07,83,64,7.29,light rain
358,Isangel,VU,-19.55,169.2667,76.01,89,7,10.18,clear sky
359,Myitkyina,MM,25.3833,97.4,74.19,98,76,1.9,broken clouds
360,Chara,RU,56.9064,118.2631,62.76,81,11,2.44,few clouds
361,Alofi,NU,-19.0595,-169.9187,71.49,83,98,12.66,overcast clouds
362,Las Vegas,US,36.175,-115.1372,105.28,13,0,21.85,clear sky
363,Caravelas,BR,-17.7125,-39.2481,73.15,70,0,6.49,clear sky
364,Vanimo,PG,-2.6741,141.3028,77.09,92,72,3.78,broken clouds
365,Harbour Breton,CA,47.4833,-55.7983,62.65,94,86,11.92,overcast clouds
366,Salo,IT,45.6086,10.531,77.22,69,83,12.39,broken clouds
367,Muroto,JP,33.2833,134.15,77.36,76,100,5.82,overcast clouds
368,Poum,NC,-20.2333,164.0167,75.11,75,62,8.93,broken clouds
369,Katangli,RU,51.7102,143.2326,54.41,88,87,4.18,overcast clouds
370,Kununurra,AU,-15.7667,128.7333,48.18,93,3,0.0,clear sky
371,Boden,SE,65.8252,21.6886,66.2,65,45,4.79,scattered clouds
372,Bama,NG,11.5221,13.6856,78.15,70,56,11.12,broken clouds
373,Teguldet,RU,57.3064,88.1667,52.63,84,86,3.53,overcast clouds
374,Agualote,HN,15.3353,-88.5531,83.01,84,89,3.49,overcast clouds
375,Baisha,CN,26.5222,110.9311,76.15,86,0,4.23,clear sky
376,Okha,RU,53.5739,142.9478,55.45,89,23,8.3,few clouds
377,Maizuru,JP,35.45,135.3333,68.74,91,88,2.86,overcast clouds
378,Westerly,US,41.3776,-71.8273,97.74,52,0,11.5,clear sky
379,Strezhevoy,RU,60.7333,77.5889,49.96,90,74,8.75,light rain
380,Witu,KE,-2.3889,40.4382,75.36,82,25,13.47,scattered clouds
381,Winneba,GH,5.3511,-0.6231,75.56,80,89,8.43,overcast clouds
382,Pisco,PE,-13.7,-76.2167,60.85,88,100,8.05,mist
383,Janovice Nad Uhlavou,CZ,49.3451,13.2181,73.71,76,97,2.51,overcast clouds
384,Fort Saint James,CA,54.4333,-124.25,77.92,29,97,5.08,overcast clouds
385,Jinzhou,CN,41.1078,121.1417,65.97,93,0,0.58,clear sky
386,Sola,VU,-13.8833,167.55,79.97,77,9,9.31,clear sky
387,Yaan,NG,7.3833,8.5667,70.34,97,100,3.53,overcast clouds
388,Klaksvik,FO,62.2266,-6.589,50.83,89,99,15.99,overcast clouds
389,Matara,LK,5.9485,80.5353,78.31,86,89,13.91,overcast clouds
390,Rocha,UY,-34.4833,-54.3333,65.44,86,94,8.5,overcast clouds
391,Shemursha,RU,54.8866,47.5189,66.47,73,78,2.17,broken clouds
392,Saint-Augustin,CA,51.226,-58.6502,63.09,89,91,10.0,overcast clouds
393,Saint-Pierre,RE,-21.3393,55.4781,69.48,80,100,11.5,overcast clouds
394,Krizevci,HR,46.0219,16.5425,72.61,75,12,11.52,few clouds
395,Ciudad Real,ES,39.0,-4.0,88.57,11,0,7.81,clear sky
396,Campoverde,PE,-8.4753,-74.8058,89.29,34,58,1.86,broken clouds
397,Poso,ID,-1.3959,120.7524,75.45,86,52,5.12,broken clouds
398,Sao Gabriel Da Cachoeira,BR,-0.1303,-67.0892,87.6,66,40,3.44,scattered clouds
399,Flinders,AU,-34.5833,150.8552,48.25,92,12,4.0,few clouds
400,Malanje,AO,-9.5402,16.341,72.86,30,48,3.87,scattered clouds
401,Verkhovazhye,RU,60.7472,42.0465,64.87,80,13,5.79,few clouds
402,Mansa,IN,29.9833,75.3833,85.59,71,100,6.55,light rain
403,Changji,CN,44.0167,87.3167,83.19,28,0,6.71,clear sky
404,Ugoofaaru,MV,5.6667,73.0,81.86,77,93,15.32,overcast clouds
405,Daru,PG,-9.0763,143.2092,76.19,91,92,14.25,overcast clouds
406,Oranjemund,NA,-28.55,16.4333,54.43,79,0,21.43,clear sky
407,Virtsu,EE,58.5716,23.5115,64.58,86,70,13.04,broken clouds
408,Abu Road,IN,24.4833,72.7833,79.81,84,100,4.09,overcast clouds
409,Neiafu,TO,-18.65,-173.9833,74.08,94,75,5.75,broken clouds
410,Belgrade,RS,44.804,20.4651,87.42,51,0,3.44,clear sky
411,Victor Harbor,AU,-35.5667,138.6167,54.68,72,0,7.0,clear sky
412,Longyearbyen,SJ,78.2186,15.6401,48.04,93,75,9.22,broken clouds
413,Haimen,CN,23.1935,116.6142,82.29,89,19,6.69,few clouds
414,Lixourion,GR,38.2019,20.4314,80.08,56,0,5.99,clear sky
415,Kashan,IR,33.9831,51.4364,98.19,12,0,4.61,clear sky
416,Kushima,JP,31.4583,131.2333,73.74,84,100,3.67,overcast clouds
417,Doha,QA,25.2867,51.5333,93.88,48,80,4.36,broken clouds
418,Catalina,US,32.5056,-110.9211,98.08,30,4,1.01,clear sky
419,Port Macquarie,AU,-31.4333,152.9167,55.38,85,91,8.12,overcast clouds
420,Wenling,CN,28.3669,121.36,78.89,94,16,2.84,few clouds
421,Pitimbu,BR,-7.4706,-34.8086,77.09,82,73,15.5,broken clouds
422,Camabatela,AO,-8.1881,15.375,69.53,62,100,3.94,overcast clouds
423,Bosobolo,CD,4.1833,19.9,70.74,96,80,0.89,broken clouds
424,Santa Vitoria Do Palmar,BR,-33.5189,-53.3681,62.6,91,61,7.4,broken clouds
425,Kananga,CD,-5.8958,22.4178,79.34,31,53,3.31,broken clouds
426,Khipro,PK,25.8285,69.3772,88.11,67,77,3.51,heavy intensity rain
427,Mujiayingzi,CN,42.1167,118.7833,62.71,80,0,4.34,clear sky
428,Douglas,US,41.3,-96.167,98.47,37,0,20.71,clear sky
429,Tarko-Sale,RU,64.9225,77.785,54.25,96,93,6.85,overcast clouds
430,Aykhal,RU,66.0,111.5,60.28,72,68,7.43,broken clouds
431,Fortuna,US,40.5982,-124.1573,62.98,73,33,8.95,scattered clouds
432,Tintigny,BE,49.6833,5.5135,72.61,64,59,3.38,broken clouds
433,Redding,US,40.5865,-122.3917,104.29,8,0,4.92,clear sky
434,Camana,PE,-16.6228,-72.7111,63.21,74,52,5.77,broken clouds
435,Ljungby,SE,56.8332,13.9408,62.17,90,100,6.04,overcast clouds
436,Nha Trang,VN,12.25,109.1833,78.8,90,52,4.7,broken clouds
437,Moron,AR,-34.6534,-58.6198,62.49,99,65,5.32,broken clouds
438,Kunming,CN,25.0389,102.7183,64.33,88,20,13.42,few clouds
439,Tirau,NZ,-37.9833,175.75,50.34,77,100,7.05,overcast clouds
440,Huarmey,PE,-10.0681,-78.1522,66.33,77,45,7.76,scattered clouds
441,Menongue,AO,-14.6585,17.691,59.59,37,51,4.09,broken clouds
442,Deputatskiy,RU,69.3,139.9,50.16,67,49,5.14,scattered clouds
443,Talara,PE,-4.5772,-81.2719,75.96,64,0,12.66,clear sky
444,Yulara,AU,-25.2406,130.9889,57.09,38,0,5.7,clear sky
445,Bandundu,CD,-3.3167,17.3667,82.18,56,86,3.8,overcast clouds
446,Alpinopolis,BR,-20.8636,-46.3881,75.72,29,21,4.92,few clouds
447,Katsuura,JP,35.1333,140.3,77.36,86,100,13.02,overcast clouds
448,Lodwar,KE,3.1191,35.5973,85.64,36,14,3.4,few clouds
449,Kibre Mengist,ET,5.8833,38.9833,56.39,87,85,2.39,overcast clouds
450,Yining,CN,29.0361,114.5636,76.51,95,93,1.1,overcast clouds
451,Sao Joao Da Barra,BR,-21.6403,-41.0511,78.89,82,4,16.31,clear sky
452,Devonport,AU,-41.1667,146.35,54.0,91,100,4.76,light rain
453,Bay Roberts,CA,47.5999,-53.2648,83.95,71,13,10.33,few clouds
454,Lavrentiya,RU,65.5833,-171.0,44.73,82,99,12.88,overcast clouds
455,Langres,FR,47.8333,5.3333,71.19,60,74,3.4,broken clouds
456,Port Hedland,AU,-20.3167,118.5667,57.25,67,0,9.22,clear sky
457,Orchard Homes,US,46.8633,-114.0484,88.39,24,5,1.99,clear sky
458,Rafaela,AR,-31.2503,-61.4867,80.01,52,0,1.99,clear sky
459,Rawson,AR,-43.3002,-65.1023,40.32,96,100,14.05,light rain
460,Viedma,AR,-40.8135,-62.9967,55.96,48,100,4.41,overcast clouds
461,Boa Vista,BR,2.8197,-60.6733,83.97,72,75,4.92,light rain
462,Kamphaeng Phet,TH,16.25,99.5,74.75,97,100,2.01,overcast clouds
463,Hamamatsu,JP,34.7,137.7333,76.19,74,99,2.93,overcast clouds
464,Mildura,AU,-34.2,142.15,51.71,80,0,7.27,clear sky
465,Pandharpur,IN,17.6667,75.3333,74.77,81,100,14.09,overcast clouds
466,Shizunai,JP,42.3339,142.3669,66.87,95,100,2.44,overcast clouds
467,Nizwa,OM,22.9333,57.5333,89.53,53,14,3.87,few clouds
468,Iqaluit,CA,63.7506,-68.5145,43.83,84,100,8.81,overcast clouds
469,Tiznit,MA,29.5833,-9.5,89.11,25,88,3.58,overcast clouds
470,Pustoshka,RU,56.3355,29.369,64.36,96,76,4.63,broken clouds
471,Chumikan,RU,54.7183,135.315,56.55,78,25,7.31,scattered clouds
472,Baruun-Urt,MN,46.6806,113.2792,64.56,46,100,9.86,light rain
473,Mattru,SL,7.6244,-11.8332,74.7,85,95,4.59,overcast clouds
474,Mogadishu,SO,2.0371,45.3438,76.06,83,66,19.39,light rain
475,Urusha,RU,54.05,122.9,57.49,91,0,4.03,clear sky
476,Taoudenni,ML,22.6783,-3.9836,104.29,7,0,4.38,clear sky
477,Igunga,TZ,-4.2833,33.8833,69.39,45,21,7.07,few clouds
478,Komsomolskiy,UZ,40.4272,71.7189,92.3,13,4,9.8,clear sky
479,Gusau,NG,12.1628,6.6614,77.56,76,100,11.05,light rain
480,Garmsar,IR,35.2182,52.3409,91.42,23,67,9.73,broken clouds
481,Golden,US,39.7555,-105.2211,94.71,28,75,18.41,broken clouds
482,Cedar City,US,37.6775,-113.0619,86.4,24,100,12.55,overcast clouds
483,Waddan,LY,29.1614,16.139,83.97,30,0,16.11,clear sky
484,Pyinmana,MM,19.7333,96.2167,74.21,95,97,3.15,overcast clouds
485,Boromo,BF,11.75,-2.9333,75.06,91,58,4.92,broken clouds
486,Rosignol,GY,6.2833,-57.5333,81.34,78,90,7.7,overcast clouds
487,Iberia,US,29.9502,-91.7507,89.6,62,0,11.5,thunderstorm
488,Canakkale,TR,40.0833,26.8333,70.36,41,0,3.65,clear sky
489,Dubbo,AU,-32.25,148.6167,42.93,94,75,8.05,broken clouds
490,Nabire,ID,-3.3667,135.4833,74.19,94,95,4.61,overcast clouds
491,Teeli,RU,51.0333,90.2333,53.01,71,73,0.38,broken clouds
492,Bosaso,SO,11.2842,49.1816,92.21,41,98,14.5,overcast clouds
493,Tayu,ID,-6.5397,111.0518,74.97,88,80,9.37,broken clouds
494,Imeni Poliny Osipenko,RU,52.4201,136.4853,57.56,90,40,1.16,scattered clouds
495,Shu,KZ,43.5983,73.7614,80.26,25,30,1.05,scattered clouds
496,La Ronge,CA,55.1001,-105.2842,56.57,74,97,6.51,overcast clouds
497,Traismauer,AT,48.3519,15.7635,74.57,67,100,4.88,overcast clouds
498,Muscat,OM,23.6139,58.5922,90.99,71,39,8.32,scattered clouds
499,Karatuzskoye,RU,53.6072,92.8667,52.38,96,4,3.27,clear sky
500,Xining,CN,36.6167,101.7667,54.34,59,0,3.09,clear sky
501,Celano,IT,42.0855,13.5398,74.61,50,5,4.03,clear sky
502,Hofn,IS,64.2539,-15.2082,53.38,81,92,2.44,overcast clouds
503,Pelym,RU,61.0108,61.9978,52.02,84,9,4.56,clear sky
504,Riyadh,SA,24.6877,46.7219,98.74,12,92,8.28,overcast clouds
505,Palana,RU,59.1167,159.9667,48.43,77,32,11.52,scattered clouds
506,Mbekenyera,TZ,-10.0,38.9833,65.44,82,5,3.89,clear sky
507,Batasan,PH,12.7667,120.7833,81.3,77,100,3.36,overcast clouds
508,Malindi,KE,-3.2175,40.1191,75.06,79,30,17.31,scattered clouds
509,Bongandanga,CD,1.5,21.05,70.09,94,26,0.81,light rain
510,Merrill,US,45.1805,-89.6835,83.35,63,0,4.61,clear sky
511,Tianjin,CN,39.1422,117.1767,78.75,73,0,8.95,clear sky
512,Skjervoy,NO,70.0311,20.9714,51.8,84,100,15.5,overcast clouds
513,Ahipara,NZ,-35.1667,173.1667,55.11,89,100,15.55,heavy intensity rain
514,Namatanai,PG,-3.6667,152.4333,78.13,79,9,5.28,clear sky
515,Kyshtovka,RU,56.555,76.6271,50.76,96,88,6.64,overcast clouds
516,Forrest City,US,35.0081,-90.7898,100.29,29,0,4.23,clear sky
517,Glasgow,GB,55.8652,-4.2576,67.19,85,100,5.75,overcast clouds
518,Djambala,CG,-2.5447,14.7533,72.14,73,72,1.45,broken clouds
519,Khandyga,RU,62.6667,135.6,62.64,95,2,1.83,clear sky
520,Stephenville,US,32.2207,-98.2023,101.1,24,0,12.71,clear sky
521,Nizhnyaya Omka,RU,55.4338,74.9426,53.83,89,100,7.07,overcast clouds
522,Nivala,FI,63.9167,24.9667,57.69,84,32,5.12,scattered clouds
523,Guiong,PH,6.4186,122.0258,78.82,83,99,3.15,overcast clouds
524,Great Falls,US,47.5002,-111.3008,81.66,31,0,4.61,clear sky
525,Diemen,NL,52.3416,4.9681,71.92,64,0,4.61,clear sky
526,Vila Velha,BR,-20.3297,-40.2925,74.28,74,1,10.67,clear sky
527,Alice Town,BS,25.7167,-79.3,84.09,73,2,14.47,clear sky
528,Livingston,GB,55.9029,-3.5226,61.18,87,100,10.18,overcast clouds
529,Tommot,RU,58.9564,126.2925,67.41,93,70,1.52,light rain
530,Coahuayana,MX,18.7333,-103.6833,87.01,63,100,5.48,overcast clouds
531,Charters Towers,AU,-20.1,146.2667,54.3,86,0,6.17,clear sky
532,Qasigiannguit,GL,68.8193,-51.1922,40.39,98,100,0.89,light rain
533,Bali,ID,-8.5,115.0,76.23,84,87,6.73,overcast clouds
534,San Rafael,AR,-34.6177,-68.3301,70.48,15,49,6.15,scattered clouds
535,Dalbandin,PK,28.8947,64.4101,85.32,59,100,13.33,overcast clouds
536,Landerneau,FR,48.4525,-4.2525,70.52,77,0,14.97,clear sky
537,Trofors,NO,65.5333,13.4063,53.47,80,100,3.71,overcast clouds
538,Oschatz,DE,51.3,13.1167,70.92,62,41,5.3,scattered clouds
539,Obo,CF,5.3998,26.4869,68.14,97,90,1.59,moderate rain
540,Clyde River,CA,70.4692,-68.5914,45.82,71,100,4.7,overcast clouds
541,Haines Junction,CA,60.7522,-137.5108,62.55,42,92,5.75,overcast clouds
542,High Level,CA,58.5169,-117.136,73.51,53,75,16.11,broken clouds
543,Comodoro Rivadavia,AR,-45.8667,-67.5,35.46,87,75,12.66,light rain
544,Joshimath,IN,30.5667,79.5667,71.6,95,100,0.85,overcast clouds
545,Usinsk,RU,65.9939,57.5281,48.88,86,57,10.83,broken clouds
546,Graaff-Reinet,ZA,-32.2522,24.5308,45.91,80,100,8.79,light rain
547,Aswan,EG,24.0934,32.907,96.1,18,0,5.75,clear sky
548,Stromness,GB,58.965,-3.296,55.36,97,100,27.45,light rain
549,Gumdag,TM,39.2061,54.5906,81.97,46,0,15.64,clear sky
550,Kaeo,NZ,-35.1,173.7833,58.32,86,100,16.93,light rain
551,Sao Paulo De Olivenca,BR,-3.3783,-68.8725,81.68,85,100,1.45,overcast clouds
552,Ebbw Vale,GB,51.7771,-3.2079,65.12,91,100,10.18,light rain
553,Kropotkin,RU,45.4375,40.5756,65.41,64,76,7.61,broken clouds
554,Saquarema,BR,-22.92,-42.5103,80.74,76,2,13.38,clear sky
555,Tautira,PF,-17.7333,-149.15,78.37,77,6,15.99,light rain
556,Naryan-Mar,RU,67.6713,53.087,49.96,88,100,13.09,overcast clouds
557,Tagusao,PH,9.1924,117.8141,79.32,84,18,3.02,few clouds
558,Santa Isabel Do Rio Negro,BR,-0.4139,-65.0192,80.13,90,100,1.16,overcast clouds
559,Cheyenne,US,41.14,-104.8203,83.77,32,80,21.0,broken clouds
560,Vostok,RU,46.4856,135.8833,58.57,96,100,1.7,overcast clouds
561,Wanaka,NZ,-44.7,169.15,32.11,94,51,1.01,broken clouds
562,Moyale,KE,3.5167,39.0584,70.14,57,100,17.2,overcast clouds
563,Sonoita,MX,31.85,-112.8333,100.51,23,55,13.38,broken clouds
564,Tarauaca,BR,-8.1614,-70.7656,79.54,82,100,1.7,light rain
565,Gao,ML,16.6362,1.637,97.52,29,60,11.3,broken clouds
566,Guiglo,CI,6.5456,-7.4966,71.08,95,99,2.59,overcast clouds
567,Normandin,CA,48.8333,-72.5321,78.51,48,60,10.6,broken clouds
568,Sombrerete,MX,23.6333,-103.65,76.3,28,85,11.61,overcast clouds
569,Nara,JP,34.6851,135.8049,73.49,64,100,1.61,overcast clouds
570,Broome,US,42.2506,-75.833,95.45,40,50,10.0,scattered clouds
571,Requena,ES,39.4883,-1.1004,73.8,58,0,5.01,clear sky
572,Vao,NC,-22.6667,167.4833,74.17,86,98,19.17,overcast clouds
573,Zhezkazgan,KZ,47.8043,67.7144,73.99,29,4,12.26,clear sky
574,Kupang,ID,-10.1667,123.5833,69.01,73,78,7.94,broken clouds
575,Itaueira,BR,-7.6033,-43.0256,91.78,27,24,8.08,few clouds
576,Havelock,US,34.8791,-76.9013,89.94,74,0,4.61,clear sky
577,Buchanan,LR,5.8808,-10.0467,76.1,77,98,9.13,overcast clouds
578,Batagay-Alyta,RU,67.8006,130.4114,56.28,86,87,2.93,overcast clouds
579,Liverpool,GB,53.4106,-2.9779,65.14,84,100,15.32,overcast clouds
580,Richards Bay,ZA,-28.783,32.0377,70.68,72,58,11.79,broken clouds
581,Cherskiy,RU,68.75,161.3,55.67,49,16,0.69,few clouds
582,Inuvik,CA,68.3499,-133.7218,54.46,97,100,5.75,light rain
583,Juegang,CN,32.3174,121.1855,72.73,93,33,6.93,scattered clouds
584,Moerai,PF,-22.4333,-151.3333,74.5,85,100,23.13,light rain
585,Waipawa,NZ,-41.4122,175.5153,42.3,87,100,4.07,overcast clouds
586,Hammerfest,NO,70.6634,23.6821,49.95,92,95,16.2,overcast clouds
587,Mbalmayo,CM,3.5167,11.5,67.3,99,100,3.42,overcast clouds
588,Roald,NO,62.5833,6.1333,55.87,81,100,4.7,overcast clouds
589,Ninghai,CN,29.2892,121.4247,79.7,79,3,4.97,clear sky
590,Mandera,KE,3.9366,41.867,83.21,44,72,19.26,broken clouds
591,Octeville,FR,49.6261,-1.6435,64.89,77,84,3.44,broken clouds
592,Chadan,RU,51.2833,91.5833,53.64,65,48,2.82,scattered clouds
593,Husavik,IS,66.0449,-17.3389,49.1,84,100,5.08,overcast clouds
594,Coxim,BR,-18.5067,-54.76,94.24,18,100,4.34,overcast clouds
595,California City,US,35.1258,-117.9859,101.1,7,0,16.11,clear sky
596,Seoul,KR,37.5683,126.9778,71.78,95,100,4.65,overcast clouds
597,Miri,MY,4.4148,114.0089,78.94,94,40,5.75,scattered clouds
598,Kysyl-Syr,RU,63.8986,122.7617,60.37,87,0,3.87,clear sky
599,Maputo,MZ,-25.9653,32.5892,69.48,73,40,5.99,scattered clouds
600,Albanel,CA,48.8832,-72.4487,77.27,52,70,9.71,broken clouds
601,Jalingo,NG,8.8833,11.3667,71.96,94,86,4.54,overcast clouds
602,Svetlyy,RU,54.675,20.1347,61.23,84,87,9.13,overcast clouds
603,Horadiz,AZ,39.4488,47.3353,74.17,53,1,1.48,clear sky
604,Bichena,ET,10.45,38.2,54.95,84,92,3.13,light rain
605,Diebougou,BF,10.9667,-3.25,74.14,89,99,4.32,overcast clouds
606,Talnakh,RU,69.4865,88.3972,67.21,67,96,5.26,overcast clouds
607,Buraydah,SA,26.326,43.975,97.25,11,59,10.74,broken clouds
608,Galesong,ID,-5.3166,119.3661,71.62,76,13,8.95,few clouds
609,Lincoln,US,40.8,-96.667,103.14,100,0,4.0,clear sky
610,Awbari,LY,26.5921,12.7805,86.0,20,0,10.04,clear sky
611,Shingu,JP,33.7333,135.9833,72.93,77,99,4.12,overcast clouds
612,Capao Da Canoa,BR,-29.7456,-50.0097,63.45,97,26,6.89,scattered clouds
613,Whitehorse,CA,60.7161,-135.0538,64.09,50,75,4.61,broken clouds
614,Grand Baie,MU,-20.0182,57.5802,70.45,71,36,7.0,scattered clouds
615,Banda Aceh,ID,5.5577,95.3222,77.59,87,100,3.51,overcast clouds
616,Bonfim,BR,3.0833,-59.95,79.05,80,99,3.18,overcast clouds
617,Gawler,AU,-34.6,138.7333,55.26,77,0,7.09,clear sky
618,Saint-Francois,FR,46.4154,3.9054,71.04,64,0,4.61,clear sky
619,Eregli,TR,37.5133,34.0467,69.75,33,0,5.64,clear sky
620,Asau,RO,46.4333,26.4,72.52,58,21,3.58,few clouds
621,Shasta Lake,US,40.6804,-122.3708,100.76,15,0,1.01,clear sky
622,Kinshasa,CD,-4.3246,15.3215,82.35,52,55,0.74,broken clouds
623,Warrington,GB,53.3925,-2.5802,68.32,83,75,16.11,broken clouds
624,Eretria,GR,38.4,23.8,89.73,41,0,3.83,clear sky
625,Kashi,CN,39.4547,75.9797,87.01,19,10,11.18,clear sky
626,Lagoa,PT,39.05,-27.9833,73.45,86,13,10.04,few clouds
627,Dongsheng,CN,39.8161,109.9776,67.89,49,0,15.26,clear sky
628,Wallaceburg,CA,42.593,-82.3885,88.65,47,3,8.84,clear sky
629,Ancud,CL,-41.8697,-73.8203,45.54,90,100,1.72,light rain
630,Chapada Dos Guimaraes,BR,-15.4606,-55.7497,87.46,19,7,5.95,clear sky
631,Nacala,MZ,-14.5428,40.6728,69.67,78,0,5.06,clear sky
632,Loukhi,RU,66.0764,33.0381,57.54,82,66,3.47,broken clouds
633,Mitu,CO,1.1983,-70.1733,74.03,98,100,1.36,overcast clouds
634,Waingapu,ID,-9.6567,120.2641,69.87,78,14,7.85,few clouds
635,Avera,US,33.194,-82.5271,92.71,39,39,2.21,scattered clouds
636,Ixtapa,MX,20.7,-105.2,91.22,64,20,4.0,few clouds
637,Mgandu,TZ,-5.95,34.1333,61.7,54,1,8.14,clear sky
638,Almeirim,BR,-1.5233,-52.5817,85.64,62,95,3.0,overcast clouds
639,Aleksandrovsk-Sakhalinskiy,RU,50.8975,142.1561,61.23,94,100,2.37,overcast clouds
640,Puerto Madryn,AR,-42.7692,-65.0385,43.59,97,100,10.31,overcast clouds
641,Kimparana,ML,12.8347,-4.9244,76.03,77,100,8.5,overcast clouds
642,Kaduqli,SD,11.0167,29.7167,76.37,82,100,2.55,light rain
643,Mehran,IR,33.1222,46.1646,92.75,10,0,10.04,clear sky
644,Perivolion,GR,39.4206,20.0147,81.95,70,0,6.58,clear sky
645,Chicama,PE,-7.8447,-79.1469,61.34,65,40,9.8,scattered clouds
646,Adrar,MR,20.5022,-10.0711,93.51,32,84,15.03,broken clouds
647,Sheltozero,RU,61.3667,35.3667,67.23,73,96,9.95,light rain
648,Yambio,SS,4.5721,28.3955,69.33,96,94,1.43,overcast clouds
649,Wuwei,CN,37.9281,102.6414,70.5,29,12,6.15,few clouds
650,Sao Joao Del Rei,BR,-21.1356,-44.2617,73.42,32,5,2.46,clear sky
651,Artyom,AZ,40.4723,50.333,75.27,79,0,19.28,clear sky
652,Omaruru,NA,-21.4333,15.9333,62.31,41,14,5.68,few clouds
653,San Pedro,PH,14.35,121.0167,78.33,88,100,2.37,overcast clouds
654,Groton,US,41.3501,-72.0784,98.02,49,18,8.99,few clouds
655,Mookane,BW,-23.688,26.6595,62.46,46,11,3.62,few clouds
656,Anchorage,US,61.2181,-149.9003,61.99,65,42,13.0,scattered clouds
657,Cravo Norte,CO,6.3017,-70.2041,88.84,54,85,10.31,overcast clouds
658,Hirna,ET,9.2167,41.1,63.07,76,63,8.55,light rain
659,Filingue,NE,14.3521,3.3168,93.45,40,97,7.25,light rain
660,Churapcha,RU,62.0025,132.4325,59.31,85,18,3.44,few clouds
661,Atlantic City,US,39.3643,-74.4229,94.17,54,2,12.71,clear sky
662,Ust-Koksa,RU,50.2696,85.6108,51.58,85,58,1.1,broken clouds
663,Devarkonda,IN,16.7,78.9333,75.79,84,100,12.06,overcast clouds
664,Kyaukse,MM,21.6,96.1333,79.65,78,97,5.41,overcast clouds
665,Chapais,CA,49.7834,-74.8492,68.9,65,80,10.76,broken clouds
666,Dhidhdhoo,MV,6.8833,73.1,81.55,77,98,15.17,overcast clouds
667,Newton,US,42.337,-71.2092,99.68,34,26,4.0,scattered clouds
668,Balkhash,KZ,46.844,74.9804,77.2,33,56,14.58,broken clouds
669,Belaya Gora,RU,68.5333,146.4167,55.17,52,11,12.21,few clouds
670,Gamba,GA,-2.65,10.0,69.06,89,95,5.86,overcast clouds
671,Rio Grande,BR,-32.035,-52.0986,63.95,96,58,7.38,broken clouds
672,Pionerskiy,RU,54.9508,20.2275,64.24,70,80,17.07,broken clouds
673,Cozumel,MX,20.5083,-86.9458,89.67,75,100,11.5,overcast clouds
674,Nimaparha,IN,20.0667,86.0167,81.0,86,97,8.63,overcast clouds
675,Makhinjauri,GE,41.6739,41.694,66.06,77,40,11.5,scattered clouds
676,Katobu,ID,-4.9408,122.5276,70.92,86,33,5.3,scattered clouds
677,Pangai,TO,-19.8,-174.35,74.23,66,99,20.29,overcast clouds
678,Bereznik,RU,62.8551,42.7072,67.8,80,52,6.22,broken clouds
679,Enkhuizen,NL,52.7,5.2833,68.97,81,48,4.14,scattered clouds
680,Concarneau,FR,47.875,-3.9225,66.99,80,11,5.66,few clouds
681,The Valley,AI,18.217,-63.0578,83.82,75,0,17.87,clear sky
682,Baoro,CF,5.6667,15.9667,67.5,94,86,0.76,light rain
683,Bardiyah,LY,31.7561,25.0865,78.4,72,0,9.89,clear sky
684,Shaunavon,CA,49.6501,-108.4181,72.25,40,43,10.8,scattered clouds
685,Mascote,BR,-15.5631,-39.3025,70.75,91,26,3.09,scattered clouds
686,Grindavik,IS,63.8424,-22.4338,53.17,85,79,9.78,broken clouds
687,Ormara,PK,25.2088,64.6357,82.98,85,100,19.55,overcast clouds
688,Roma,US,43.2128,-75.4557,89.76,41,80,9.89,broken clouds
689,Nelidovo,RU,56.2211,32.7774,63.16,82,18,5.39,few clouds
690,Piranshahr,IR,36.701,45.1413,69.75,24,0,3.09,clear sky
691,Puerto Escondido,MX,15.85,-97.0667,83.77,73,100,5.97,overcast clouds
692,Estelle,US,29.8458,-90.1067,88.72,58,67,4.34,broken clouds
693,Otavi,NA,-19.65,17.3333,63.54,35,9,1.43,clear sky
694,Verkhniy Avzyan,RU,53.5289,57.5372,57.63,92,5,3.4,clear sky
695,Gejiu,CN,23.306,103.1635,56.7,96,51,1.7,broken clouds
696,Lewisville,US,33.0462,-96.9942,102.78,37,1,7.0,clear sky
697,Gull Lake,CA,50.1001,-108.4847,72.54,40,4,10.07,clear sky
698,Fushun,CN,41.8558,123.9233,69.51,96,63,3.27,broken clouds
699,Grenfell,AU,-33.9,148.1667,42.51,89,0,4.12,clear sky
700,Hereford,GB,52.0568,-2.7148,68.05,82,100,3.0,overcast clouds
701,Saint Pete Beach,US,27.7253,-82.7412,94.01,62,24,3.0,few clouds
702,Jieshi,CN,22.8134,115.8257,83.98,82,9,7.36,clear sky
703,Phek,IN,25.6667,94.5,59.47,99,100,1.57,overcast clouds
704,Tamiahua,MX,21.2667,-97.45,89.17,58,6,12.33,clear sky
705,Tevaitoa,PF,-16.7833,-151.5,79.48,73,2,14.52,clear sky
706,Mapiripan,CO,2.8892,-72.1256,79.9,86,72,6.96,broken clouds
707,Dawei,MM,14.0833,98.2,75.25,94,92,2.59,overcast clouds
708,Mizan Teferi,ET,6.9833,35.5833,61.83,95,90,2.48,light rain
